Level,Modality,Module,Description,Example
1,Listening/Speaking,Module 1: Describing,Listening: Can recognize familiar single words or fixed phrases in a teacher's oral description and respond by pointing to or naming the matching image. Speaking: Can produce single words or fixed phrases to label a familiar object when prompted.,"Shown a photo of a red bicycle, the student points to it when the teacher says ""red bike,"" and says ""red bike"" back when asked ""What is this?"""
1,Reading,Module 1: Describing,"Can decode an unfamiliar simple word or short adjective-noun phrase (e.g. sounding out ""big,"" ""red,"" ""hat"") using known letter-sound patterns, and match it to the object or image it describes, with visual support.","Given the printed word ""cat"" (never drilled as a sight word) next to pictures of a cat and a dog, the student sounds out /k/-/a/-/t/ and points to the cat."
1,Writing,Module 1: Describing,"Can spell a simple word from sound using known letter-sound patterns (e.g. ""hat,"" ""big,"" ""red"") to describe a familiar object, using a memorized adjective-noun frame (""big ___"").","Shown a picture of a big dog and given the frame ""big ___,"" the student sounds out and writes ""dog,"" rather than copying it from a word list."
1,Listening/Speaking,Module 2: Narrating,"Listening: Can listen to a short spoken sequence of events (3–4 steps) supported by non-verbal cues and identify or point to the correct order using single words. Speaking: Can retell a very short personal event using isolated words or short fixed phrases and gesture, with listener support.","The teacher tells a 3-step story (woke up, ate breakfast, went to school) with gestures and pictures; the student points to the pictures in order, then retells it: ""woke up… eat… school,"" using gestures."
1,Reading,Module 2: Narrating,"Can decode unfamiliar simple action/sequence words (e.g. ""ran,"" ""sat,"" ""left"") using known letter-sound patterns and match them to the correct step of a short personal event shown in sequence, with visual support.","Given three photos of a birthday party in mixed-up order and the unfamiliar word ""blew"" beside one, the student sounds it out and matches it to the photo of blowing out candles."
1,Writing,Module 2: Narrating,"Can spell simple action/sequence words from sound using known letter-sound patterns to name events in a short personal story, using memorized time-order chunks (""first,"" ""then"") as the frame around the spelled word.","Looking at 3 photos of their weekend (park, lunch, home), the student writes ""first"" under photo 1 and spells ""park"" from sound to caption it."
1,Listening/Speaking,Module 3: Explaining,"Listening: Can listen to a simple spoken cause-effect pair supported by visuals/demonstration and match cause to effect by pointing or selecting. Speaking: Can produce a single-word or fixed-phrase response naming a cause or effect when prompted (""Why?"" → one word/phrase answer).","Shown a picture of rain and a person opening an umbrella, the teacher asks ""Why?"" and the student says ""rain."""
1,Reading,Module 3: Explaining,"Can decode unfamiliar simple cause/effect words (e.g. ""wet,"" ""hot,"" ""fell"") using known letter-sound patterns and match a cause to its effect, with visual support.","Given a picture of ice cream melting in the sun and the unfamiliar word ""hot"" printed nearby, the student sounds it out and matches it to the melting/effect side of the pair."
1,Writing,Module 3: Explaining,"Can spell simple cause/effect words from sound using known letter-sound patterns to name a cause or effect in a simple process, using a memorized connector chunk (""because,"" ""so"") as the frame around the spelled word.","Given the frame ""___, so I put on a coat"" and a picture of someone bundled up outside, the student spells ""cold"" into the frame from sound."
1,Listening/Speaking,Module 4: Instructing,"Listening: Can listen to a simple spoken instruction supported by demonstration or visuals and carry out or point to the correct step (1–2 step commands). Speaking: Can produce a single-word or fixed-phrase instruction to direct a partner's simple physical action, with gesture support.","The teacher says ""Stand up"" with a gesture; the student stands, then later tells a partner ""Sit down,"" using the same fixed phrase."
1,Reading,Module 4: Instructing,"Can decode unfamiliar simple action words (e.g. ""cut,"" ""mix,"" ""stop"") using known letter-sound patterns and match them to the correct step of a simple instruction sequence, with visual support.","Given step pictures for washing hands and the unfamiliar word ""turn"" beside one step, the student sounds it out and points to the matching step (turning on the tap)."
1,Writing,Module 4: Instructing,"Can spell simple action words from sound using known letter-sound patterns to name the steps of a simple procedure, using memorized imperative-form chunks (""do this, then this"") as the frame around the spelled word.","Given picture steps for making a sandwich, the student spells ""cut"" from sound under the first step."
1,Listening/Speaking,Module 5: Evaluating,"Listening: Can listen to a simple spoken opinion supported by visuals or demonstration and identify whether it is positive or negative (point/select ""good""/""not good""). Speaking: Can produce a single-word or fixed-phrase opinion in response to a prompt (""How is it?"" → ""good""/""bad"").","Shown a picture of spoiled milk, the teacher says ""This is bad"" with a frown; the student points to ""not good,"" then says ""bad"" when asked ""How is it?"""
1,Reading,Module 5: Evaluating,"Can decode unfamiliar simple evaluative words (e.g. ""good,"" ""bad,"" ""fun"") using known letter-sound patterns and identify whether they express a positive or negative reaction, with visual support.","Given a photo of a messy room and the unfamiliar word ""bad"" printed beside it, the student sounds it out and selects the frowning-face rating."
1,Writing,Module 5: Evaluating,"Can spell simple evaluative words from sound using known letter-sound patterns to express a like/dislike or good/bad judgment, using a memorized evaluative frame (""I like ___, it's ___"") around the spelled word.","Given a photo of ice cream, the student spells ""good"" from sound to complete ""I like ice cream, it's good."""
1,Listening/Speaking,Module 6: Arguing,"Listening: Can listen to a simple spoken preference supported by visuals/demonstration and identify what is being preferred (point/select). Speaking: Can produce a single-word or fixed-phrase preference in response to a prompt (""Which one?"" → naming one item).","Shown a red shirt and a blue shirt, the teacher asks ""Which one?""; the student points to the red shirt and says ""red."""
1,Reading,Module 6: Arguing,"Can decode unfamiliar simple stance words (e.g. ""this,"" ""that,"" ""yes"") using known letter-sound patterns and identify which option is being preferred, with visual support.","Given two food pictures and the unfamiliar word ""that"" printed under one, the student sounds it out and points to the corresponding picture as the chosen option."
1,Writing,Module 6: Arguing,"Can spell a simple preferred item's name from sound using known letter-sound patterns to state a simple position, using the memorized frame (""I want ___"") around the spelled word.","Given two drink pictures, the student spells ""juice"" from sound to complete ""I want juice."""
1,Listening/Speaking,Module 7: Transacting,"Listening: Can listen to a simple spoken transactional exchange (e.g., ordering, buying) supported by visuals/realia and identify what is being requested or offered (point/select). Speaking: Can produce a single-word or fixed-phrase request in a simple transactional exchange, with gesture support.","Role-playing a snack stand with real objects, the teacher asks ""What do you want?""; the student points to an apple and says ""Apple, please."""
1,Reading,Module 7: Transacting,"Can decode unfamiliar simple transactional words (e.g. item names, numbers) using known letter-sound patterns and identify what is being requested or offered in a simple transactional exchange (e.g., ordering, buying), with visual support.","Given a simple order form with a sandwich picture and the unfamiliar word ""two"" printed beside it, the student sounds out ""two"" and matches it to two sandwiches."
1,Writing,Module 7: Transacting,"Can spell simple item names or numbers from sound using known letter-sound patterns to complete a simple transactional exchange in writing, using memorized frames (""one ___, please"") around the spelled word.","Given a picture of juice, the student spells ""juice"" from sound to complete ""One juice, please."""
1,Listening/Speaking,Module 8: Socializing,"Listening: Can listen to a simple spoken social exchange (greeting, introduction) supported by visuals/gesture and identify the social move being made (point/select ""hello""/""goodbye""/""thank you""). Speaking: Can produce a single-word or fixed-phrase social exchange (greeting, thanks, farewell) with gesture support.","Meeting someone new, the teacher waves and says ""Hi, I'm Sam""; the student waves and says ""Hi"" (or their own name) when prompted."
1,Reading,Module 8: Socializing,"Can decode unfamiliar simple social words/phrases (e.g. ""hi,"" ""bye,"" ""thanks"") using known letter-sound patterns and identify the social move being made (greeting, thanks, farewell), with visual support.","Given a picture of two people waving goodbye and the unfamiliar word ""bye"" printed beside it, the student sounds it out and identifies it as the correct social move."
1,Writing,Module 8: Socializing,"Can spell simple social words from sound using known letter-sound patterns for a simple social exchange in writing (greeting, thanks, simple wish), using memorized functional frames around the spelled word.","Given a picture of someone leaving and the frame ""___, see you!"", the student spells ""bye"" from sound to complete it."
2,Listening/Speaking,Module 1: Describing,"Listening: Can listen to one short spoken description using a fixed frame (""It is ___."") supported by visuals, and identify the described object among 2–3 choices. Speaking: Can produce one sentence describing a familiar object using the memorized frame with one open slot, prompted by the teacher.","Shown a picture of a ball and asked ""What is it like?"", the student, prompted, says ""It is round."""
2,Reading,Module 1: Describing,"Can read one short sentence using the fixed frame (""It is ___."") describing a familiar object, decoding the open-slot word using known letter-sound patterns to identify the matching image, with visual support.","Given ""It is small."" next to pictures of a mouse and an elephant, the student decodes ""small"" and points to the mouse."
2,Writing,Module 1: Describing,"Can spell the open-slot word in the fixed frame (""It is ___."") from sound to describe a familiar object, prompted by a picture.","Shown a cup of hot coffee and given ""It is ___."", the student spells ""hot"" from sound."
2,Listening/Speaking,Module 2: Narrating,"Listening: Can listen to one short spoken sentence narrating a single past action using a fixed frame (""I ___-ed."") supported by visuals, and identify the matching picture. Speaking: Can produce one sentence narrating a single past action using the memorized frame with one open slot, prompted by the teacher.","Shown a picture of a child kicking a ball and asked ""What did you do?"", the student, prompted, says ""I played."""
2,Reading,Module 2: Narrating,"Can read one short sentence using the fixed frame (""I ___-ed."") narrating a single past action, decoding the open-slot word to identify the matching image, with visual support.","Given ""I walked."" next to pictures of walking and running, the student decodes ""walked"" and points to the walking picture."
2,Writing,Module 2: Narrating,"Can spell the open-slot verb in the fixed frame (""I ___-ed."") from sound to narrate a single past action, prompted by a picture.","Shown a picture of someone cooking and given ""I ___-ed."", the student spells ""cooked"" from sound."
2,Listening/Speaking,Module 3: Explaining,"Listening: Can listen to one short spoken cause-effect sentence using a fixed frame (""It's [effect] because it's ___."") supported by visuals, and identify the matching cause. Speaking: Can produce one cause-effect sentence using the memorized frame with one open slot, prompted by the teacher.","Shown a picture of a puddle and asked ""Why is it wet?"", the student, prompted, says ""It's wet because it's rainy."""
2,Reading,Module 3: Explaining,"Can read one short cause-effect sentence using the fixed frame, decoding the open-slot reason word to identify the matching image, with visual support.","Given ""It's wet because it's rainy."" next to a sunny-day and a rainy-day picture, the student decodes ""rainy"" and points to the rainy picture."
2,Writing,Module 3: Explaining,"Can spell the open-slot reason word in the fixed cause-effect frame from sound, prompted by a picture.","Shown a rainy-day picture and given ""It's wet because it's ___."", the student spells ""rainy"" from sound."
2,Listening/Speaking,Module 4: Instructing,"Listening: Can listen to one short spoken instruction using a fixed frame (""First, ___."") supported by visuals/demonstration, and identify or carry out the correct first step. Speaking: Can give one instruction using the memorized frame with one open slot, prompted by the teacher.","Shown step pictures for making a sandwich and asked ""What's first?"", the student, prompted, says ""First, cut."""
2,Reading,Module 4: Instructing,"Can read one short instruction using the fixed frame, decoding the open-slot action word to identify the matching first step, with visual support.","Given ""First, mix."" next to pictures of mixing and pouring, the student decodes ""mix"" and points to the mixing picture."
2,Writing,Module 4: Instructing,"Can spell the open-slot action word in the fixed instruction frame from sound, prompted by a picture of the first step.","Shown a picture of stirring a bowl and given ""First, ___."", the student spells ""stir"" from sound."
2,Listening/Speaking,Module 5: Evaluating,"Listening: Can listen to one short spoken opinion-with-reason sentence using a fixed frame supported by visuals, and identify the item and its reason. Speaking: Can give one opinion-with-reason sentence using the memorized frame with one open slot, prompted by the teacher.","Shown a picture of a sports car and asked ""How is it?"", the student, prompted, says ""It's good because it's fast."""
2,Reading,Module 5: Evaluating,"Can read one short opinion-with-reason sentence using the fixed frame, decoding the open-slot reason word to identify the matching item, with visual support.","Given ""It's good because it's fast."" next to a bicycle and a sports car, the student decodes ""fast"" and points to the car."
2,Writing,Module 5: Evaluating,"Can spell the open-slot reason word in the fixed opinion frame from sound, prompted by a picture.","Shown a picture of a sports car and given ""It's good because it's ___."", the student spells ""fast"" from sound."
2,Listening/Speaking,Module 6: Arguing,"Listening: Can listen to one short spoken preference-with-reason sentence using a fixed frame supported by visuals, and identify the preferred option and its reason. Speaking: Can state one preference-with-reason sentence using the memorized frame with one open slot, prompted by the teacher.","Shown a big cookie and a small cookie and asked ""Which one, and why?"", the student, prompted, says ""I want this one because it's bigger."""
2,Reading,Module 6: Arguing,"Can read one short preference-with-reason sentence using the fixed frame, decoding the open-slot reason word to identify the matching option, with visual support.","Given ""I want this one because it's bigger."" next to a big cookie and a small cookie, the student decodes ""bigger"" and points to the big cookie."
2,Writing,Module 6: Arguing,"Can spell the open-slot reason word in the fixed preference frame from sound, prompted by two pictures.","Shown a big cookie and given ""I want this one because it's ___."", the student spells ""bigger"" from sound."
2,Listening/Speaking,Module 7: Transacting,"Listening: Can listen to one short spoken request using a fixed frame (""I want one ___, please."") supported by visuals/realia, and identify what is being requested. Speaking: Can make one request using the memorized frame with one open slot, prompted by the teacher.","Role-playing a snack stand and asked ""What do you want?"", the student, prompted, says ""I want one apple, please."""
2,Reading,Module 7: Transacting,"Can read one short request sentence using the fixed frame, decoding the open-slot item word to identify what's being requested, with visual support.","Given ""I want one juice, please."" next to pictures of juice and milk, the student decodes ""juice"" and points to the juice."
2,Writing,Module 7: Transacting,"Can spell the open-slot item word in the fixed request frame from sound, prompted by a picture.","Shown a picture of juice and given ""I want one ___, please."", the student spells ""juice"" from sound."
2,Listening/Speaking,Module 8: Socializing,"Listening: Can listen to one short spoken social sentence using a fixed frame (""Thank you for the ___."") supported by visuals/gesture, and identify what's being thanked for. Speaking: Can produce one social sentence using the memorized frame with one open slot, prompted by the teacher.","Handed a gift and prompted, the student says ""Thank you for the gift."""
2,Reading,Module 8: Socializing,"Can read one short social sentence using the fixed frame, decoding the open-slot word to identify what's being thanked for, with visual support.","Given ""Thank you for the card."" next to pictures of a card and a gift box, the student decodes ""card"" and points to the card."
2,Writing,Module 8: Socializing,"Can spell the open-slot word in the fixed thank-you frame from sound, prompted by a picture.","Shown a picture of a card and given ""Thank you for the ___."", the student spells ""card"" from sound."
3,Listening/Speaking,Module 1: Describing,"Listening: Can listen to one short spoken description using a two-slot frame (""It is ___ and ___."") and identify the described object among a small set of choices, with a model available for reference. Speaking: Can describe a familiar object using the memorized frame with two open slots, with a model available rather than being prompted step-by-step.","Given a reference card showing ""It is ___ and ___."" and shown a big red umbrella, the student says ""It is big and red."""
3,Reading,Module 1: Describing,"Can read one short sentence using the two-slot frame describing a familiar object, decoding both open-slot words using known letter-sound patterns to identify the matching image.","Given ""It is big and red."" next to a small blue umbrella and a big red umbrella, the student decodes both words and points to the big red umbrella."
3,Writing,Module 1: Describing,Can spell both open-slot words in the two-slot frame from sound to describe a familiar object.,"Shown a big red umbrella and given ""It is ___ and ___."", the student spells ""big"" and ""red"" from sound."
3,Listening/Speaking,Module 2: Narrating,"Listening: Can listen to one short spoken sentence narrating two sequential past actions using a two-slot frame and identify the matching picture pair, with a model available for reference. Speaking: Can narrate two sequential past actions using the memorized frame with two open slots, with a model available rather than being prompted step-by-step.","Shown two pictures in order (cooking, then cleaning) and a reference card, the student says ""I cooked and cleaned."""
3,Reading,Module 2: Narrating,"Can read one short sentence using the two-slot frame narrating two sequential past actions, decoding both open-slot words to identify the matching picture pair.","Given ""I cooked and cleaned."" next to two picture-pair options, the student decodes both words and points to the cooking-then-cleaning pair."
3,Writing,Module 2: Narrating,Can spell both open-slot verbs in the two-slot past-tense frame from sound to narrate two sequential actions.,"Shown pictures of cooking then cleaning and given ""I ___-ed and ___-ed."", the student spells ""cooked"" and ""cleaned"" from sound."
3,Listening/Speaking,Module 3: Explaining,"Listening: Can listen to one short spoken cause-effect sentence with two coordinated reasons using a two-slot frame and identify the matching cause, with a model available for reference. Speaking: Can give a cause-effect sentence with two coordinated reasons using the memorized frame, with a model available rather than being prompted step-by-step.","Shown a picture of a storm and a reference card, the student says ""It's wet because it's rainy and windy."""
3,Reading,Module 3: Explaining,"Can read one short cause-effect sentence with two coordinated reasons using the frame, decoding both open-slot words to identify the matching cause.","Given ""It's wet because it's rainy and windy."" next to a calm sunny picture and a stormy picture, the student decodes both words and points to the stormy picture."
3,Writing,Module 3: Explaining,Can spell both open-slot reason words in the cause-effect frame from sound.,"Shown a stormy picture and given ""It's wet because it's ___ and ___."", the student spells ""rainy"" and ""windy"" from sound."
3,Listening/Speaking,Module 4: Instructing,"Listening: Can listen to a short two-step spoken instruction using a two-slot frame (""First, ___. Then, ___."") and identify or carry out both steps in order, with a model available for reference. Speaking: Can give a two-step instruction using the memorized frame with two open slots, with a model available rather than being prompted step-by-step.","Shown step pictures for making a sandwich and a reference card, the student says ""First, cut. Then, mix."""
3,Reading,Module 4: Instructing,"Can read a short two-step instruction using the frame, decoding both open-slot action words to identify the matching steps in order.","Given ""First, cut. Then, mix."" next to three step pictures, the student decodes both words and points to them in order."
3,Writing,Module 4: Instructing,Can spell both open-slot action words in the two-step instruction frame from sound.,"Shown step pictures for making a sandwich and given ""First, ___. Then, ___."", the student spells ""cut"" and ""mix"" from sound."
3,Listening/Speaking,Module 5: Evaluating,"Listening: Can listen to one short spoken opinion sentence with two coordinated reasons using a two-slot frame and identify the item and its reasons, with a model available for reference. Speaking: Can give an opinion with two coordinated reasons using the memorized frame, with a model available rather than being prompted step-by-step.","Shown a picture of a sports car and a reference card, the student says ""It's good because it's fast and cheap."""
3,Reading,Module 5: Evaluating,"Can read one short opinion sentence with two coordinated reasons using the frame, decoding both open-slot words to identify the matching item.","Given ""It's good because it's fast and cheap."" next to a luxury car and a compact car, the student decodes both words and points to the compact car."
3,Writing,Module 5: Evaluating,Can spell both open-slot reason words in the opinion frame from sound.,"Shown a compact car and given ""It's good because it's ___ and ___."", the student spells ""fast"" and ""cheap"" from sound."
3,Listening/Speaking,Module 6: Arguing,"Listening: Can listen to one short spoken preference sentence with two coordinated reasons using a two-slot frame and identify the preferred option and its reasons, with a model available for reference. Speaking: Can state a preference with two coordinated reasons using the memorized frame, with a model available rather than being prompted step-by-step.","Shown a big cookie and a small cookie and a reference card, the student says ""I want this one because it's bigger and cheaper."""
3,Reading,Module 6: Arguing,"Can read one short preference sentence with two coordinated reasons using the frame, decoding both open-slot words to identify the matching option.","Given ""I want this one because it's bigger and cheaper."" next to a big cookie and a small cookie, the student decodes both words and points to the big cookie."
3,Writing,Module 6: Arguing,Can spell both open-slot reason words in the preference frame from sound.,"Shown a big cookie and given ""I want this one because it's ___ and ___."", the student spells ""bigger"" and ""cheaper"" from sound."
3,Listening/Speaking,Module 7: Transacting,"Listening: Can listen to one short spoken request for two items using a two-slot frame and identify what is being requested, with a model available for reference. Speaking: Can request two items using the memorized frame with two open slots, with a model available rather than being prompted step-by-step.","Role-playing a snack stand with a reference card, the student says ""I want juice and a sandwich, please."""
3,Reading,Module 7: Transacting,"Can read one short request sentence for two items using the frame, decoding both open-slot words to identify what's being requested.","Given ""I want juice and a sandwich, please."" next to pictures of several items, the student decodes both words and points to the juice and sandwich."
3,Writing,Module 7: Transacting,Can spell both open-slot item words in the request frame from sound.,"Shown pictures of juice and a sandwich and given ""I want ___ and ___, please."", the student spells both words from sound."
3,Listening/Speaking,Module 8: Socializing,"Listening: Can listen to one short spoken thank-you sentence for two items using a two-slot frame and identify what's being thanked for, with a model available for reference. Speaking: Can thank someone for two things using the memorized frame with two open slots, with a model available rather than being prompted step-by-step.","Handed a card and a gift and given a reference card, the student says ""Thank you for the card and the gift."""
3,Reading,Module 8: Socializing,"Can read one short thank-you sentence for two items using the frame, decoding both open-slot words to identify what's being thanked for.","Given ""Thank you for the card and the gift."" next to pictures of several items, the student decodes both words and points to the card and gift."
3,Writing,Module 8: Socializing,Can spell both open-slot words in the thank-you frame from sound.,"Shown a card and a gift and given ""Thank you for the ___ and the ___."", the student spells both words from sound."
4,Listening/Speaking,Module 1: Describing,"Listening: Can listen to a short spoken description of a familiar object, choosing their own connectors, and identify its features, one comparison, and the brief reason given for that comparison. Speaking: Can produce a short original description of a familiar object including one comparison and a brief reason for it, choosing their own connectors, working independently.","Shown a laptop, the student says: ""It's a laptop. It's small and light, lighter than my old one, because I need to carry it every day."""
4,Reading,Module 1: Describing,"Can read a short descriptive text about a familiar object and identify its features, one comparison, and the brief reason given for that comparison, decoding unfamiliar words as needed using known letter-sound patterns.","Given ""It's a laptop. It's small and light, lighter than my old one, because I need to carry it every day,"" the student identifies the object, the comparison, and the reason (carrying it daily)."
4,Writing,Module 1: Describing,"Can write a short original description of a familiar object including one comparison and a brief reason for it, choosing their own connectors, working independently.","Shown a backpack, the student writes ""It's a backpack. It's blue and big, bigger than my old bag, because I need room for my books."""
4,Listening/Speaking,Module 2: Narrating,"Listening: Can listen to a short spoken narration of a sequence of past events, choosing their own time connectors, and identify the order, one outcome, and the brief reason given for that outcome. Speaking: Can narrate a short original sequence of past events including one outcome and a brief reason for it, choosing their own connectors, working independently.","Shown three photos of a rushed morning, the student says ""First I woke up late. Then I got dressed fast. I still missed the bus because it left early that day."""
4,Reading,Module 2: Narrating,"Can read a short narrative text and identify the sequence of events, one outcome, and the brief reason given for that outcome, decoding unfamiliar words as needed.","Given ""First I woke up late. Then I got dressed fast. I still missed the bus because it left early that day,"" the student identifies the sequence and the reason the outcome happened."
4,Writing,Module 2: Narrating,"Can write a short original narrative recounting a sequence of past events with one outcome and a brief reason for it, choosing their own time connectors, working independently.","Given three photos of cooking a meal, the student writes ""First I chopped vegetables. Then I cooked them. Dinner was a little late because I chopped too slowly."""
4,Listening/Speaking,Module 3: Explaining,"Listening: Can listen to a short spoken explanation of a familiar process with two linked causes/steps, choosing their own connectors, and identify the causes, the outcome, and which cause the speaker considers more important. Speaking: Can explain a familiar two-cause process in a short original explanation, choosing their own connectors, and state which of the two causes matters more, working independently.","Asked why their plant died, the student says ""Plants need water and light. Mine got plenty of light, but I forgot to water it — that's really what killed it."""
4,Reading,Module 3: Explaining,"Can read a short explanatory text and identify two linked causes/steps, the outcome, and which cause the writer treats as more important, decoding unfamiliar words as needed.","Given ""Plants need water and light. Mine got plenty of light, but I forgot to water it — that's really what killed it,"" the student identifies both causes and which one the writer blames most."
4,Writing,Module 3: Explaining,"Can write a short original explanation of a familiar two-cause process, choosing their own connectors, and state which of the two causes matters more, working independently.","Asked why their phone died, the student writes ""Phones need charging and a good battery. Mine still has a good battery, but I keep forgetting to charge it — that's the real problem."""
4,Listening/Speaking,Module 4: Instructing,"Listening: Can listen to a short spoken set of instructions for a familiar task including one warning, choosing their own sequencing connectors, and identify the steps, the warning, and the brief reason given for it. Speaking: Can give a short original set of instructions for a familiar task including one warning and the reason for it, choosing their own connectors, working independently.","Explaining how to cook pasta, the student says ""First, boil water. Then add the pasta and stir it, because if you don't, it sticks to the pot."""
4,Reading,Module 4: Instructing,"Can read a short set of instructions and identify the steps, the warning, and the brief reason given for it, decoding unfamiliar words as needed.","Given ""First, boil water. Then add the pasta and stir it, because if you don't, it sticks to the pot,"" the student identifies the steps and the reason for the stirring warning."
4,Writing,Module 4: Instructing,"Can write a short original set of instructions for a familiar task including one warning and the reason for it, choosing their own connectors, working independently.","Asked how to make toast, the student writes ""First, put the bread in. Don't leave it too long, because it burns fast once it starts."""
4,Listening/Speaking,Module 5: Evaluating,"Listening: Can listen to a short spoken evaluation of a familiar item using one criterion and one comparison, choosing their own connectors, and identify the criterion, the comparison, the verdict, and the brief reason for the criterion mattering. Speaking: Can evaluate a familiar item in a short original opinion using one criterion, one comparison, and a brief reason the criterion matters to them, choosing their own connectors, working independently.","Asked about a nearby restaurant, the student says ""This restaurant is good — it's fast, which matters because I only get a short lunch break. It's better than the one downtown."""
4,Reading,Module 5: Evaluating,"Can read a short opinion text and identify the criterion, the comparison, the overall verdict, and the brief reason given for why the criterion matters, decoding unfamiliar words as needed.","Given ""This restaurant is good — it's fast, which matters because I only get a short lunch break. It's better than the one downtown,"" the student identifies the criterion, verdict, and the reason it matters to the writer."
4,Writing,Module 5: Evaluating,"Can write a short original opinion about a familiar item using one criterion, one comparison, and a brief reason the criterion matters to them, choosing their own connectors, working independently.","Asked about their phone, the student writes ""My phone is great — it's reliable, which matters because I use it for work. It's better than my old one."""
4,Listening/Speaking,Module 6: Arguing,"Listening: Can listen to a short spoken position with one reason and one simple counterpoint, choosing their own connectors, and identify the position, its reason, the counterpoint, and the brief reason the counterpoint doesn't change the speaker's mind. Speaking: Can state a short original position with one reason and one simple counterpoint, briefly explaining why the counterpoint doesn't change their mind, choosing their own connectors, working independently.","Asked how to get to work, the student says ""I think we should walk. It's healthier. It does take longer, but that's fine with me because I like the extra time to think."""
4,Reading,Module 6: Arguing,"Can read a short position text and identify the position, its reason, the acknowledged counterpoint, and the brief reason the counterpoint doesn't outweigh the position, decoding unfamiliar words as needed.","Given ""I think we should walk. It's healthier. It does take longer, but that's fine with me because I like the extra time to think,"" the student identifies the position, reason, counterpoint, and why the writer isn't persuaded by it."
4,Writing,Module 6: Arguing,"Can write a short original position with one reason and one simple counterpoint, briefly explaining why the counterpoint doesn't change their mind, choosing their own connectors, working independently.","Asked about working from home, the student writes ""I like working from home. It's quieter. I do miss my coworkers, but I'm still more productive, so it's worth it."""
4,Listening/Speaking,Module 7: Transacting,"Listening: Can listen to a short spoken transactional exchange involving a simple problem, choosing their own connectors, and identify the problem, the proposed solution, and the brief reason the solution is acceptable. Speaking: Can handle a short original transactional exchange involving a simple problem, proposing a solution and briefly explaining why it's acceptable, choosing their own connectors, working independently.","Told a size is unavailable, the student says ""Do you have a medium instead? That's fine — I mostly wear it loose anyway, so it should still work."""
4,Reading,Module 7: Transacting,"Can read a short transactional text and identify the problem, the proposed solution, and the brief reason given for accepting it, decoding unfamiliar words as needed.","Given ""Do you have a medium instead? That's fine — I mostly wear it loose anyway, so it should still work,"" the student identifies the request, the substitute, and why it's acceptable."
4,Writing,Module 7: Transacting,"Can write a short original transactional message handling a simple problem, proposing a solution and briefly explaining why it's acceptable, choosing their own connectors, working independently.","Told their delivery is late, the student writes ""Could you check the status? I'd also be fine with a refund, since I already found the item somewhere else."""
4,Listening/Speaking,Module 8: Socializing,"Listening: Can listen to a short spoken social exchange involving a polite decline or topic change, choosing their own connectors, and identify the social move being made and the brief reason given for it. Speaking: Can carry out a short original social exchange involving a polite decline or topic change, giving a brief reason for it, choosing their own connectors, working independently.","Invited to an event, the student says ""Thanks for the invite, but I can't make it — I already have plans that night. Maybe next time?"""
4,Reading,Module 8: Socializing,"Can read a short social text and identify the polite decline or topic change being made and the brief reason given for it, decoding unfamiliar words as needed.","Given ""Thanks for the invite, but I can't make it — I already have plans that night. Maybe next time?"" the student identifies this as a decline and names the reason given."
4,Writing,Module 8: Socializing,"Can write a short original social message involving a polite decline or topic change, giving a brief reason for it, choosing their own connectors, working independently.","Invited to a party they can't attend, the student writes ""Thank you so much for inviting me, but I already have plans that weekend. I hope it goes really well!"""
5,Listening/Speaking,Module 1: Describing,"Listening: Can listen to an extended spoken description of a familiar or semi-familiar place or object, summarize how it's organized, and identify one clearly evaluative word choice that signals the speaker's opinion even though the speaker never states the opinion directly (e.g. a positive or negative adjective standing in for ""I like/dislike this""). Speaking: Can give an extended description, organizing details logically and including at least one clearly evaluative word choice that signals an opinion without stating it outright, working independently.","Asked to describe their neighborhood, the student says: ""My neighborhood is quiet and green. There are many trees and a small park nearby. The houses are old, but everyone keeps their garden nice."" The word ""nice"" is a clear positive signal standing in for ""I like it,"" and the student can point to that word when asked how they feel about the neighborhood."
5,Reading,Module 1: Describing,"Can read an extended description, summarize how the writer organizes details, and identify at least one clearly evaluative word choice that signals the writer's attitude even though the writer never states the opinion directly, decoding unfamiliar words as needed.","Given a paragraph describing a neighborhood that says the houses are old but everyone ""keeps their garden nice,"" the student summarizes the paragraph's organization and identifies ""nice"" as a clear positive signal of the writer's approval, even though the writer never writes ""I like this neighborhood."""
5,Writing,Module 1: Describing,"Can write an extended description of a familiar or semi-familiar place or object, organizing details logically and including at least one detail that implies an opinion or attitude without stating it directly, working independently.","Asked to describe their workplace, the student writes a paragraph covering its layout and atmosphere, choosing a detail (e.g., ""everyone leaves their door open"") that implies a friendly culture without writing ""it's a friendly place."""
5,Listening/Speaking,Module 2: Narrating,"Listening: Can listen to an extended spoken narration of a personal event, summarize the sequence and why it mattered, and identify one clearly telling action or detail that signals how the speaker felt, even though the speaker never names the feeling directly. Speaking: Can narrate an extended account of a personal event, stating why it mattered and including at least one clearly telling action or detail that signals a feeling without naming it outright, working independently.","Asked about a memorable trip, the student narrates a weekend away and says ""I checked the return train time three times before we even left"" -- a clearly repeated, countable action that signals nervousness or reluctance to leave, without the student ever saying ""I didn't want to go home."""
5,Reading,Module 2: Narrating,"Can read an extended narration, summarize the sequence of events and why they mattered, and identify at least one clearly telling action or detail that signals how someone felt, even though the feeling is never named directly, decoding unfamiliar words as needed.","Given a paragraph about a coworker's difficult commute that says they ""checked the time every few minutes, then checked it again,"" the student summarizes what happened and identifies that repeated, countable action as a clear signal of anxiety, even though the word ""anxious"" never appears."
5,Writing,Module 2: Narrating,"Can write an extended narration of a personal event, stating why it mattered and including at least one detail that implies a feeling without naming it directly, working independently.","Asked about their first week at a new job, the student writes a paragraph recounting it, including a detail (rehearsing what to say before a meeting) that implies nervousness without ever writing the word."
5,Listening/Speaking,Module 3: Explaining,"Listening: Can listen to an extended spoken explanation of a semi-familiar multi-step process, summarize how the steps or causes connect, and identify one clear signal word or phrase (e.g. ""which happens more than you'd think,"" ""unfortunately"") that shows the speaker's frustration with a step, even though the frustration is never named directly. Speaking: Can explain a semi-familiar multi-step process, and include at least one clear signal word or phrase that shows frustration or preference about a step without stating it outright, working independently.","Asked how their commute usually goes, the student explains the multi-step process and adds ""and then, if the bus is late, which happens more than you'd think, I just walk"" -- the phrase ""more than you'd think"" is a clear, recognizable signal of frustration with the bus's reliability, without the student saying ""the bus is unreliable."""
5,Reading,Module 3: Explaining,"Can read an extended explanation, summarize the steps or causes and how they connect, and identify at least one clear signal word or phrase that shows the writer's frustration or preference about a step, even though it is never named directly, decoding unfamiliar words as needed.","Given a paragraph explaining how a package gets delivered that says a step ""usually, but not always, happens on time,"" the student summarizes the process and identifies ""but not always"" as a clear, recognizable signal of mild frustration with that step's reliability."
5,Writing,Module 3: Explaining,"Can write an extended explanation of a semi-familiar multi-step process, including at least one moment that implies a preference or frustration about a step without stating it directly, working independently.","Asked how their team handles a request at work, the student writes a paragraph explaining the process and includes a phrase (""which takes longer than it probably should"") that implies frustration without directly criticizing the process."
5,Listening/Speaking,Module 4: Instructing,"Listening: Can listen to an extended spoken set of instructions for a moderately complex task, including one flagged risk, summarize the steps, and identify one clear signal (repetition, ""seriously,"" ""make sure"") that shows a step matters more than the others. Speaking: Can give an extended set of instructions for a moderately complex familiar task, flagging one risk and using a clear signal (repetition or an emphasis word) to show that one step matters more than the others, working independently.","Asked how to set up their home wifi router, the student gives instructions and says ""and don't forget to restart the modem, seriously, don't skip that"" -- the repeated instruction and the word ""seriously"" are a clear, recognizable signal that this step is a common failure point."
5,Reading,Module 4: Instructing,"Can read an extended set of instructions, summarize the steps and the flagged risk, and identify at least one clear signal word or phrase (e.g. ""make sure,"" ""be careful here"") that shows a step matters more than the others, decoding unfamiliar words as needed.","Given instructions for jump-starting a car where one step includes the words ""be very careful here,"" the student summarizes the steps and identifies that phrase as a clear signal that this step is riskier than the others, even without a separate warning label."
5,Writing,Module 4: Instructing,"Can write an extended set of instructions for a moderately complex familiar task, flagging one risk and implying, through emphasis or word choice, that one step matters more than the others, working independently.","Asked how to use the office coffee machine, the student writes instructions and adds ""make sure it's actually off before you leave"" in a way that implies this is where people usually go wrong, without stating that outright."
5,Listening/Speaking,Module 5: Evaluating,"Listening: Can listen to an extended spoken evaluation that weighs two criteria, summarize the criteria and verdict, and identify one clear hedging word or phrase (e.g. ""for now,"" ""so far"") that signals a reservation about the verdict. Speaking: Can evaluate something using two criteria weighed against each other, and include at least one clear hedging word or phrase that signals a reservation about the verdict, working independently.","Asked to evaluate their current job, the student weighs pay against work-life balance and adds ""so overall it's good, for now"" -- the phrase ""for now"" is a clear, recognizable hedge that signals a reservation about the future, without directly saying they're worried."
5,Reading,Module 5: Evaluating,"Can read an extended evaluation, summarize the criteria and the overall verdict, and identify at least one clear hedging word or phrase that signals a reservation about the writer's own verdict, decoding unfamiliar words as needed.","Given a review weighing a phone plan's price against its coverage that ends with ""solid choice, at least for now,"" the student summarizes the trade-off and verdict, and identifies ""at least for now"" as a clear, recognizable hedge signaling a reservation."
5,Writing,Module 5: Evaluating,"Can write an extended evaluation using two criteria weighed against each other, including at least one moment that implies a reservation about the verdict without stating it directly, working independently.","Asked to evaluate a nearby gym, the student weighs price against equipment quality and ends with ""worth it, as long as it stays this way"" -- implying an unstated worry about future price increases."
5,Listening/Speaking,Module 6: Arguing,"Listening: Can listen to an extended spoken argument with a claim, two reasons, and an addressed counterargument, summarize all three, and identify one clear hedging word or phrase (e.g. ""I guess,"" ""probably"") that signals the speaker is less than fully certain. Speaking: Can construct an extended argument with a claim, two reasons, and an addressed counterargument, including at least one clear hedging word or phrase that signals partial uncertainty, working independently.","Asked their opinion on remote work, the student argues for it, addresses the isolation counterpoint, and adds ""though I guess it depends on the person"" -- ""I guess"" is a clear, recognizable hedge that signals the argument isn't fully absolute, without directly walking it back."
5,Reading,Module 6: Arguing,"Can read an extended argument, summarize the claim, its two reasons, and the addressed counterargument, and identify at least one clear hedging word or phrase that signals the writer's partial uncertainty, decoding unfamiliar words as needed.","Given a paragraph arguing for a four-day work week that ends with ""though results probably vary by industry,"" the student summarizes the claim and reasons, and identifies ""probably vary"" as a clear, recognizable hedge signaling the writer isn't fully certain the argument applies everywhere."
5,Writing,Module 6: Arguing,"Can write an extended argument with a claim, two reasons, and an addressed counterargument, including at least one moment that implies partial uncertainty without stating it directly, working independently.","Asked their opinion on carpooling to work, the student argues for it, addresses the scheduling counterpoint, and ends with ""at least, it's worked for me so far"" -- implying an unstated awareness that it might not work for everyone."
5,Listening/Speaking,Module 7: Transacting,"Listening: Can listen to an extended spoken transactional message that states a purpose, gives detail, and requests an outcome, summarize all three, and identify one clear urgency signal within polite phrasing (e.g. ""really appreciate,"" ""as soon as possible"") even though the word ""urgent"" is never used. Speaking: Can deliver an extended transactional message stating a purpose, giving detail, and requesting an outcome, using a clear urgency signal within polite phrasing without using the word ""urgent"" directly, working independently.","Calling to reschedule an appointment, the student explains the conflict, gives their availability, and adds ""if there's any way to fit me in sooner, I'd really appreciate it"" -- ""really appreciate"" and ""sooner"" are clear, recognizable urgency signals, without the student saying ""this is urgent."""
5,Reading,Module 7: Transacting,"Can read an extended transactional message, summarize the purpose, the detail given, and the requested outcome, and identify at least one clear urgency signal within polite phrasing, decoding unfamiliar words as needed.","Given a message requesting a refund that says ""I'd appreciate a response whenever you get a chance, though sooner would be great,"" the student summarizes the request and identifies ""sooner would be great"" as a clear, recognizable urgency signal within the polite wording."
5,Writing,Module 7: Transacting,"Can write an extended transactional message stating a purpose, giving detail, and requesting an outcome, using polite phrasing that implies urgency without stating it directly, working independently.","Needing to reschedule a delivery, the student writes a message explaining the conflict and proposing a new time, phrasing the request as ""if at all possible"" in a way that implies real time pressure without stating a deadline outright."
5,Listening/Speaking,Module 8: Socializing,"Listening: Can listen to an extended spoken social message, summarize its tone and purpose, and identify one clear intensifying word (e.g. ""honestly,"" ""really,"" ""genuinely"") that signals a feeling that isn't named directly. Speaking: Can deliver an extended social message matching tone to the occasion, including at least one clear intensifying word that signals a feeling without naming it directly, working independently.","Congratulating a coworker on a promotion, the student says ""you've earned every bit of this, honestly"" -- ""honestly"" is a clear, recognizable signal of genuine happiness for the person beyond simple politeness, without stating a feeling directly."
5,Reading,Module 8: Socializing,"Can read an extended social message, summarize its tone and purpose, and identify at least one clear intensifying word that signals a feeling that isn't named directly, decoding unfamiliar words as needed.","Given a thank-you note that says ""I genuinely don't know what I would have done without your help,"" the student summarizes what it's thanking the recipient for and identifies ""genuinely"" as a clear, recognizable signal of real relief, not just politeness."
5,Writing,Module 8: Socializing,"Can write an extended social message matching tone to the occasion, including at least one word choice that implies a feeling without naming it directly, working independently.","Thanking a mentor for their help, the student writes ""I don't think I would have gotten through that project without you"" -- implying genuine gratitude and relief without writing ""I am grateful"" outright."
6,Listening/Speaking,Module 1: Describing,"Listening: Can listen to an extended spoken description and distinguish the speaker's stated facts from their clearly-signaled evaluative comments (e.g. ""the real upside is,"" ""what's nice about it is""). Speaking: Can deliver a fluent, integrated extended description that moves between features and their significance without a fixed template, explicitly explaining why at least one feature matters, and adjusting register or approach at least once in response to a specific listener reaction, using complex sentence structures with sustained control.","Describing a product to a friend deciding whether to buy it, the student says ""It's not cheap, but it's built to last, and honestly, that's the real upside,"" clearly flagging ""the real upside"" as their own evaluation rather than a plain fact, then notices their friend still looks unconvinced and switches from general praise to one concrete comparison that speaks directly to the friend's stated budget."
6,Reading,Module 1: Describing,"Can read an extended description and identify specific word choices that create a positive, negative, or neutral impression, separating explicitly stated description from clearly-signaled evaluative comments, and locate at least one place where the writer's language visibly shifts partway through (e.g. from confident claims to a hedge like ""results may vary"").","Given a product description that opens with confident marketing language and grows more hedged in its final lines (""results may vary""), the student separates fact from clearly-signaled opinion throughout and locates the shift into hedged language at the end of the text."
6,Writing,Module 1: Describing,"Can write a fluent, integrated extended description that moves between features and their significance without a fixed template, explicitly explaining why at least one feature matters to a specified reader, and adjusting register or approach at least once to address a stated reader concern, using complex sentence structures with sustained control and high independence.","Asked to describe their apartment to a prospective roommate who mentioned caring most about quiet, the student writes an integrated description that opens broadly, then shifts specifically to noise and layout once that priority is on the page, rather than following a fixed two-part structure."
6,Listening/Speaking,Module 2: Narrating,"Listening: Can listen to a complex or nuanced narrative and identify one clearly missing piece of information (e.g. ""they never mention what the other person said"") that suggests the account may be one-sided, in addition to summarizing events. Speaking: Can narrate a complex event fluently, integrating reported speech and shifting between what happened and its significance without a fixed template, adjusting register or pacing at least once in response to a specific listener reaction, using complex sentence structures with sustained control.","Told about a disagreement between two coworkers only from one person's account, the student notices and can point to the specific missing piece (the account never mentions what the other person actually said); retelling their own story about a project setback, the student notices the listener seems impatient and skips ahead to the outcome before circling back to one key detail that explains it."
6,Reading,Module 2: Narrating,"Can read an extended narrative and identify specific pacing choices as heightening or minimizing significance, separating stated events from clearly-signaled reactions, and locate at least one place where the narrative's tone visibly shifts partway through (e.g. from neutral to noticeably more sympathetic language).","Given an account of a workplace incident that stays neutral until a final paragraph that turns notably more sympathetic to one person, the student identifies both the pacing choice that builds sympathy and locates exactly where the tone shifts to more sympathetic language."
6,Writing,Module 2: Narrating,"Can write a fluent, integrated extended narrative that makes explicit why events mattered, shifting between narration and reflection without a fixed template, and adjusting register or approach at least once to address a specified reader's likely reaction, using complex sentence structures with sustained control and high independence.","Asked to recount a project that failed for an audience they know will be skeptical of excuses, the student narrates the failure plainly, then shifts to a more concrete, evidence-based register when explaining what they changed afterward, rather than following a fixed two-part structure."
6,Listening/Speaking,Module 3: Explaining,"Listening: Can listen to a complex or technical explanation and evaluate the strength or limitation of the reasoning used. Speaking: Can explain a complex phenomenon fluently, integrating mechanism and likely misconceptions without a fixed template, adjusting depth or register at least once in response to a specific listener signal of confusion or familiarity, using complex sentence structures with sustained control.","Explaining why their internet is slow, the student covers the actual cause, adds unprompted that it's not the router like people usually think, then notices the listener already seems to know the basics and skips ahead to the more technical detail instead of re-explaining what's obvious."
6,Reading,Module 3: Explaining,"Can read an extended explanation and classify specific causal claims as direct cause or contributing factor, and locate at least one place where the explanation visibly shifts in technicality partway through (e.g. from plain language into denser vocabulary).","Given an explanation of a product recall that starts in plain language and shifts into denser technical detail midway, the student classifies the causal claims as direct causes or contributing factors, and locates the point where the language shifts into denser technical vocabulary."
6,Writing,Module 3: Explaining,"Can write a fluent, integrated extended explanation that distinguishes direct causes from contributing factors, shifting between accessible and technical register without a fixed template to serve a specified reader, and adjusting depth at least once to head off a likely point of confusion, using complex sentence structures with sustained control and high independence.","Asked to explain a recurring problem at work to a manager who isn't technical, the student separates the main cause from contributing factors, then adds a plain-language aside right where a non-technical reader would otherwise get lost, rather than following a fixed two-part structure."
6,Listening/Speaking,Module 4: Instructing,"Listening: Can listen to a complex set of instructions for an unfamiliar procedure and evaluate its efficiency or appropriateness for the context. Speaking: Can give instructions for a complex procedure fluently, integrating conditional branching without a fixed template, adjusting detail or pacing at least once in response to a specific listener signal of confusion or confidence, using complex sentence structures with sustained control.","Explaining how to file an expense report, the student covers the standard steps, adds unprompted what to do if a receipt is missing, then notices the listener nodding along confidently and speeds through the remaining routine steps rather than over-explaining them."
6,Reading,Module 4: Instructing,"Can read an extended set of instructions and classify individual steps as essential, recommended, or optional, identifying specific language that signals each step's priority, and identifying at least one place where the level of detail shifts to match a step's risk or complexity.","Given software setup instructions that stay brief until a step involving account security, where the language becomes noticeably more detailed and cautious, the student classifies the priority of each step and identifies that shift as the writer flagging higher risk."
6,Writing,Module 4: Instructing,"Can write a fluent, integrated set of instructions that adapts explanation depth to anticipated user skill level, shifting detail without a fixed template to match each step's risk or complexity, and adjusting register at least once for a step most users get stuck on, using complex sentence structures with sustained control and high independence.","Asked to write setup instructions for a new team member, the student keeps most steps brief but adds noticeably more detail and a plainer tone at the exact step new hires usually get stuck on, rather than giving every step equal treatment."
6,Listening/Speaking,Module 5: Evaluating,"Listening: Can listen to an extended evaluation of something and evaluate the validity of the judgment made. Speaking: Can evaluate something fluently, integrating explicit, well-justified criteria and a verdict without a fixed template, adjusting emphasis or tone at least once in response to a specific listener pushback, using complex sentence structures with sustained control.","Evaluating a service they use, the student states their criteria, gives a verdict, adds unprompted that some people say it's overpriced but disagrees for what you get, then hears genuine pushback on that point and shifts to a more concrete example to defend it rather than repeating the same claim."
6,Reading,Module 5: Evaluating,"Can read an extended evaluation and evaluate how the writer weighs criteria against one another to reach an overall judgment, distinguishing a justified conclusion from a merely asserted one, and locate at least one place where the writer's language visibly becomes more defensive or detailed (a likely response to pushback), without needing to infer the specific objection being addressed.","Given a product review that stays measured until a paragraph that turns noticeably more detailed and defensive, the student identifies the writer's actual reasoning versus restated opinion, and locates the point where the writing becomes more defensive in tone."
6,Writing,Module 5: Evaluating,"Can write a fluent, integrated extended evaluation that weighs criteria against one another to reach a justified overall judgment, shifting tone without a fixed template to address a likely counter-evaluation, and adjusting emphasis at least once for a specified skeptical reader, using complex sentence structures with sustained control and high independence.","Asked to evaluate two commute options for a reader who's already said they hate long commutes, the student weighs time against cost, then gives extra weight and detail to the time comparison specifically because that's what the reader cares about most."
6,Listening/Speaking,Module 6: Arguing,"Listening: Can listen to an extended argument and evaluate the strength of its evidence and reasoning. Speaking: Can construct a fluent, well-evidenced argument, integrating a rebutted counterargument without a fixed template, qualifying claims appropriately, and adjusting strategy or tone at least once in response to specific listener pushback, using complex sentence structures with sustained control.","Arguing for a change at work, the student presents the case, adds unprompted that it'll slow things down at first but pays off long-term, then hears real pushback on the short-term cost and shifts from asserting the long-term gain to citing a specific number to back it up."
6,Reading,Module 6: Arguing,"Can read an extended argument and evaluate how the writer weighs the strength of evidence against the counterargument to reach a qualified conclusion, distinguishing a well-supported conclusion from an overstated one, and locate at least one place where the writer's approach visibly shifts (e.g. from principle-based claims to concrete data), without needing to infer the specific objection being anticipated.","Given an opinion piece that argues from principle early on and shifts to concrete data partway through, the student evaluates whether the conclusion is actually supported, and locates the point where the argument shifts from principle-based claims to data-based claims."
6,Writing,Module 6: Arguing,"Can write a fluent, integrated extended argument that weighs its own evidence against a counterargument to reach a persuasive, qualified conclusion, shifting strategy without a fixed template, and adjusting tone at least once for a specified skeptical reader, using complex sentence structures with sustained control and high independence.","Asked their opinion on a workplace policy change for an audience they know is skeptical, the student presents their case, then shifts from a confident to a more measured, evidence-first tone specifically at the point where they address the main objection."
6,Listening/Speaking,Module 7: Transacting,"Listening: Can listen to a complex or high-stakes transactional exchange and evaluate whether the approach taken was effective. Speaking: Can carry out a complex transactional exchange fluently, integrating persuasive and diplomatic language without a fixed template, and adjusting strategy or tone at least once in response to a specific reaction from the other party, using complex sentence structures with sustained control.","Disputing an incorrect charge, the student states the issue clearly and proposes a resolution, then notices the representative getting defensive, shifts to a more collaborative tone and reframes the request as a shared problem to solve rather than repeating the original complaint."
6,Reading,Module 7: Transacting,"Can read a transactional communication and identify the stated request, and locate at least one place where the writer's tone visibly shifts as the message progresses (e.g. from diplomatic to more direct), without needing to infer the writer's underlying strategy for that shift.","Given a complaint email that opens diplomatically and grows more direct by the final paragraph, the student identifies the actual request stated in the opening, and locates the point where the writer's language becomes noticeably more direct."
6,Writing,Module 7: Transacting,"Can write a fluent, integrated transactional message that adjusts tone and strategy for a sensitive situation, shifting register without a fixed template as the message progresses, and adjusting approach at least once for a specified likely reaction from the reader, using complex sentence structures with sustained control and high independence.","Writing a formal complaint about a service issue to a company known for slow responses, the student opens diplomatically, states the problem clearly, then shifts to more direct, specific language when requesting a resolution, anticipating the reader might otherwise not act on it."
6,Listening/Speaking,Module 8: Socializing,"Listening: Can listen to a complex or delicate social exchange and evaluate whether the response given was socially appropriate. Speaking: Can navigate a complex social exchange fluently, integrating diplomatic and face-saving language without a fixed template, and adjusting tone or approach at least once in response to a specific reaction from the other person, using complex sentence structures with sustained control.","Needing to correct a friend's misunderstanding without embarrassing them, the student does so gently, checks in on how they're taking it, notices the friend still seems hurt, and shifts to a warmer, more reassuring tone before moving the conversation forward."
6,Reading,Module 8: Socializing,"Can read a social communication and identify tactful phrasing versus a blunt statement of the same content, and locate at least one place where the writer's tone visibly shifts as the message progresses (e.g. from warm to more careful and formal), without needing to infer the writer's underlying emotional state.","Given a message declining an invitation that opens warmly and grows more careful and formal toward the actual ""no,"" the student identifies which phrases are softening the refusal, and locates the point where the message's tone becomes more careful and formal."
6,Writing,Module 8: Socializing,"Can write a fluent, integrated social message that navigates a socially delicate situation with sustained tact, shifting register without a fixed template as the message progresses, and adjusting tone at least once for a specified likely reaction from the reader, using complex sentence structures with sustained control and high independence.","Writing to decline a friend's business proposal without damaging the friendship, the student opens warmly, softens the refusal itself, then shifts to a slightly more practical, reassuring tone toward the end anticipating the friend might worry about the friendship itself."
7,Listening/Speaking,Module 1: Describing,"Listening: Can listen to two extended spoken descriptions of the same subject, critically assess how each speaker's rhetorical choices shape a different impression, and identify at least one unstated interest or assumption behind one speaker's framing that neither speaker states outright. Speaking: Can deliver a well-structured spoken description that deliberately selects and emphasizes detail to shape listener perception, self-monitoring and smoothly repairing at least one imprecise word choice mid-delivery, using idiomatic vocabulary and flexible register control.","Given two spoken descriptions of the same neighborhood — one from a real estate agent, one from a resident — the student explains that the agent emphasizes proximity to downtown while omitting noise, and infers the agent's unstated interest in closing a sale even though it's never said; describing their own hometown afterward, the student catches themselves calling a street ""dangerous,"" softens it to ""not the safest at night,"" and continues without losing momentum."
7,Reading,Module 1: Describing,"Can read two extended descriptions of the same subject, critically assess how each writer's rhetorical choices shape a different impression, and identify at least one unstated interest or assumption behind one writer's framing that isn't explicitly acknowledged, using sophisticated inference and register awareness.","Given a paid ad and an independent review of the same restaurant, the student identifies which details each writer chose to include or omit, and infers that the ad's cheerful tone serves an unstated commercial interest the text never admits to."
7,Writing,Module 1: Describing,"Can write a nuanced, well-structured extended description that shapes reader perception through deliberate selection and emphasis of detail, embeds at least one unstated implication the reader must infer rather than being told directly, and shows evidence of unprompted self-revision for clarity and effect, using sophisticated cohesion, idiomatic and precise vocabulary, and flexible register control.","Asked to write a tourism-brochure description of their city, the student deliberately emphasizes its charm and downplays its traffic — letting the omission itself imply something a careful reader would notice — then revises the draft on their own to sharpen that framing further."
7,Listening/Speaking,Module 2: Narrating,"Listening: Can listen to two extended narratives covering the same or related events, critically assess how each storyteller's structural choices shape what the listener is meant to conclude, and identify at least one unstated motive behind one teller's version that isn't directly admitted. Speaking: Can narrate with rhetorical control, deliberately shaping structure and emphasis for a specific audience effect, self-monitoring and smoothly repairing at least one point where the sequence of events comes out unclear.","Given two colleagues' accounts of the same office conflict, the student identifies that one account opens with the other person's mistake and omits their own, and infers the unstated motive of protecting their own reputation; telling their own story about a project delay, the student notices they've described two events out of order, briefly clarifies the sequence, and continues smoothly."
7,Reading,Module 2: Narrating,"Can read two extended narratives covering the same or related events, critically assess how each writer's structural choices shape what the reader is meant to conclude, and identify at least one unstated motive or interest behind one writer's structural choices, using sophisticated inference and register awareness.","Given two news articles about the same event with different opening paragraphs, the student identifies which is structured to build sympathy for a specific party, and infers the unstated editorial interest that shapes that structuring choice."
7,Writing,Module 2: Narrating,"Can write a nuanced, well-structured extended narrative that shapes reader understanding of significance through deliberate pacing and selection of detail, embeds at least one implication about a character's or the narrator's own motive that the reader must infer, and shows evidence of unprompted self-revision, using sophisticated cohesion, idiomatic and precise vocabulary, and flexible register control.","Asked to write about a difficult decision, the student deliberately withholds the outcome until the final sentence and lets a small, unexplained detail earlier in the story hint at their real motive without stating it, then revises the pacing on their own."
7,Listening/Speaking,Module 3: Explaining,"Listening: Can listen to two competing explanations of the same phenomenon, critically assess the underlying assumptions each relies on, and identify at least one unstated limitation or gap in the stronger explanation itself. Speaking: Can explain complex phenomena with precision and rhetorical control, deliberately structuring the explanation step-by-step for a specified audience, self-monitoring and smoothly repairing at least one point where the explanation gets ahead of what the audience likely follows.","Given two explanations for a company's sales drop, the student identifies the unstated assumption each depends on, judges one more defensible, but also notes an unstated limitation in that stronger explanation; explaining a process to a colleague, the student notices a confused look, backs up one step, fills the gap, and continues without losing the thread."
7,Reading,Module 3: Explaining,"Can read two competing explanations of the same phenomenon, critically assess the underlying assumptions each relies on, and identify at least one unstated limitation in the more defensible explanation, using sophisticated inference and register awareness.","Given two articles explaining the same finding at different levels of certainty, the student identifies which one overstates its evidence, and also flags an unstated limitation in the more careful article's own methodology."
7,Writing,Module 3: Explaining,"Can write a nuanced, well-structured extended explanation that anticipates and addresses reader misunderstanding or an alternative account, explicitly acknowledges at least one limitation of its own explanation rather than presenting it as complete, and shows evidence of unprompted self-revision, using sophisticated cohesion, precise technical/abstract vocabulary, and flexible register control.","Asked to explain a technical process to a non-expert, the student writes a draft, adds a brief note acknowledging where the explanation simplifies something true experts would qualify further, then revises to remove jargon a lay reader wouldn't know."
7,Listening/Speaking,Module 4: Instructing,"Listening: Can listen to two competing sets of instructions for the same task, critically assess gaps or unstated assumptions in each, and identify at least one assumption about user expertise that neither instruction set states outright. Speaking: Can give instructions with precision and rhetorical control, deliberately sequencing and emphasizing critical steps for a specified audience, self-monitoring and smoothly correcting at least one step given out of the most useful order.","Given two sets of instructions for assembling the same furniture, the student identifies that one skips a step that matters for stability, and notes both sets silently assume the user already knows how to use a specific tool; walking someone through a process aloud, the student realizes they gave step four before step three, calmly reorders it, and continues."
7,Reading,Module 4: Instructing,"Can read two competing sets of instructions for the same task, critically assess how each anticipates edge cases and varying user contexts, and identify at least one unstated assumption about the user both instruction sets share, using sophisticated inference and register awareness.","Given two recipes for the same dish, the student identifies which one better anticipates a common mistake like overcooking, and notes both recipes silently assume access to a specific piece of equipment."
7,Writing,Module 4: Instructing,"Can write a nuanced, well-structured extended set of instructions that anticipates edge cases and varying user contexts, explicitly states at least one assumption it's making about the user rather than leaving it implicit, and shows evidence of unprompted self-revision, using sophisticated cohesion, precise technical vocabulary, and flexible register control.","Asked to write instructions for a complex software setup, the student states upfront what prior knowledge the reader is assumed to have, then revises a draft after noticing a step assumes something beyond that stated baseline."
7,Listening/Speaking,Module 5: Evaluating,"Listening: Can listen to two expert-level evaluations of the same thing that apply different standards, critically assess what each counts as ""good,"" and identify at least one unstated interest or bias shaping one evaluator's standard. Speaking: Can evaluate with precision and rhetorical control, deliberately selecting and framing criteria to persuade a specified audience, self-monitoring and smoothly clarifying at least one criterion that comes across as vaguer than intended.","Given two laptop reviews, the student identifies each reviewer's standard for ""good"" and infers that one reviewer's harsh take on price is likely shaped by writing for a budget-focused audience, not stated outright; evaluating a service aloud, the student notices their own criterion (""good value"") sounded vague, clarifies what they actually mean, and continues."
7,Reading,Module 5: Evaluating,"Can read two expert-level evaluations of the same thing that apply different standards, critically assess which is more defensible for a stated purpose, and identify at least one unstated interest shaping one evaluator's chosen standard, using sophisticated inference and register awareness.","Given two restaurant reviews with opposite verdicts, the student identifies what each reviewer values most, and infers that one reviewer's harshness likely reflects an unstated expectation of fine-dining standards applied to a casual restaurant."
7,Writing,Module 5: Evaluating,"Can write a nuanced, well-structured extended evaluation that questions or refines its own criteria, explicitly names the standard it's applying rather than leaving it implicit, and shows evidence of unprompted self-revision, using sophisticated cohesion, precise evaluative/critical vocabulary, and flexible register control.","Asked to evaluate a service, the student states the standard they're judging by up front, then revises a draft after realizing the first version didn't clearly justify that standard."
7,Listening/Speaking,Module 6: Arguing,"Listening: Can listen to two opposing expert-level arguments on the same issue, critically assess the logic of each, and identify at least one unstated premise either side is relying on without defending it. Speaking: Can construct an argument with precision and rhetorical control, deliberately sequencing claims and evidence for a specified audience, self-monitoring and smoothly strengthening at least one claim that comes across as weaker than intended once stated aloud.","Given arguments for and against remote work, the student identifies a logical gap in one side's reasoning and also names an unstated premise the stronger side never defends; arguing a position aloud, the student hears their own claim land weakly, immediately adds a concrete example to back it up, and continues."
7,Reading,Module 6: Arguing,"Can read two opposing extended arguments on the same issue, critically assess the strength of each side's logic and evidence, and identify at least one unstated premise underlying the stronger argument, using sophisticated inference and register awareness.","Given two opinion pieces on opposite sides of a policy debate, the student identifies which article's evidence is stronger, and also names an unstated premise that article relies on without ever defending it directly."
7,Writing,Module 6: Arguing,"Can write a nuanced, well-structured extended argument that anticipates multiple counterarguments and refutes or concedes them strategically, explicitly surfaces at least one premise its own argument depends on rather than leaving it assumed, and shows evidence of unprompted self-revision, using sophisticated cohesion, precise argumentative/rhetorical vocabulary, and flexible register control.","Asked to argue a position, the student states plainly the underlying premise their argument depends on, then revises a draft after noticing they hadn't addressed the strongest counterargument."
7,Listening/Speaking,Module 7: Transacting,"Listening: Can listen to both parties' accounts of the same high-stakes transactional exchange, critically assess the strategies each used, and identify at least one unstated goal behind one party's approach that they never state directly. Speaking: Can carry out a transactional exchange with precision and rhetorical control, deliberately selecting strategy for a specified outcome, self-monitoring and smoothly softening at least one phrasing that comes across as more forceful than intended.","Given both sides' accounts of a billing dispute, the student identifies that one party used a more diplomatic opening and infers their unstated goal of preserving the business relationship, not just winning the dispute; negotiating aloud, the student hears their own phrasing come out sharper than intended, rephrases it more diplomatically, and continues without losing footing."
7,Reading,Module 7: Transacting,"Can read both parties' accounts of the same transactional exchange, critically assess the strategies each used, and identify at least one unstated goal behind one party's chosen strategy, using sophisticated inference and register awareness.","Given a customer's complaint email and the company's reply, the student identifies how the reply pre-empted the customer's likely follow-up objection, and infers the company's unstated goal of avoiding a formal complaint rather than just resolving the issue."
7,Writing,Module 7: Transacting,"Can write a nuanced, well-structured extended transactional communication that anticipates the reader's likely objections or needs and pre-empts them diplomatically, is explicit about the writer's own goal rather than leaving it only implied, and shows evidence of unprompted self-revision, using sophisticated cohesion, precise register-appropriate vocabulary, and flexible tone control.","Asked to write a complaint email, the student states their desired outcome plainly near the start, then revises a draft after noticing the tone could come across as too aggressive."
7,Listening/Speaking,Module 8: Socializing,"Listening: Can listen to two accounts of the same delicate social exchange from different perspectives, critically assess the social strategies each used, and identify at least one unstated expectation or relationship history shaping one person's response. Speaking: Can navigate a social exchange with precision and rhetorical control, deliberately selecting social strategy for a specific relational outcome, self-monitoring and smoothly softening at least one comment that comes across more bluntly than intended.","Given two accounts of the same awkward moment at a party, the student identifies that one person's response saved face for everyone, and infers an unstated relationship history that explains why that person knew how to defuse it; chatting at a gathering, the student hears their own comment land more bluntly than intended, follows up warmly to soften it, and the conversation moves on naturally."
7,Reading,Module 8: Socializing,"Can read two accounts of the same delicate social exchange, critically assess the social strategies each participant used, and identify at least one unstated expectation or relationship history shaping one participant's response, using sophisticated inference and register awareness.","Given two messages responding to the same sensitive situation, the student identifies which one better reads the relationship history between the people involved, and names the specific unstated expectation that message is responding to."
7,Writing,Module 8: Socializing,"Can write a nuanced, well-structured extended social communication that reads subtle social cues and responds with calibrated tact and warmth, is aware enough of relationship history to reference it appropriately without over-explaining, and shows evidence of unprompted self-revision, using sophisticated cohesion, precise register-appropriate vocabulary, and flexible tone control.","Asked to write a message navigating a delicate situation with a close friend, the student references their shared history lightly rather than spelling it out, then revises a draft after noticing a phrase that could come across as blunt."
8,Listening/Speaking,Module 1: Describing,"Listening: Can listen to a dense, digressive, or intentionally evasive description (e.g., someone describing a person or situation while avoiding a sensitive detail) and reconstruct both the surface content and the specific thing being withheld or downplayed, articulating how word choice and hedging conceal it. Speaking: Can deliver an extended, unrehearsed description under real-time pressure — self-correcting at least once when a chosen word proves inaccurate or misleading — while deliberately shifting tone, register, and level of abstraction at least twice in response to specific, observable listener reactions.","Describing a former employee's departure to a new hire who's fishing for gossip, the student notices the question behind the question, keeps the description technically accurate but deliberately vague on the sensitive part, catches themselves using a word that sounds too harsh mid-sentence and immediately softens it, and shifts to a warmer tone once the new hire seems satisfied rather than suspicious."
8,Reading,Module 1: Describing,"Can read a stylistically dense extended description — layered with irony, understatement, or deliberate ambiguity — and (a) map shifts in tone, register, and abstraction to their rhetorical function, (b) identify at least one place where the literal description and the writer's real attitude diverge, and (c) assess how a specific alternate audience would likely misread that divergence.","Given a real-estate listing whose glowing language about a ""cozy, character-filled"" apartment subtly signals it's small and old, the student identifies the coded phrases, explains the writer's real attitude beneath the sales language, and notes that a non-native or first-time renter would likely take the description at face value and be disappointed."
8,Writing,Module 1: Describing,"Can write an extended description that (a) deliberately shifts tone, register, and abstraction at least twice for identifiable rhetorical effect, (b) embeds at least one layer of implication the reader must infer rather than being told directly, and (c) shows evidence of self-revision — an initial framing deliberately undercut or complicated later in the same text — while sustaining full grammatical and stylistic control throughout.","Writing about their childhood home, the student opens in a warm, nostalgic tone that implies a happy childhood, then lets small, unexplained details accumulate (a lock on a door, a room never mentioned again) that quietly complicate that first impression without ever stating outright that the memory is a mixed one."
8,Listening/Speaking,Module 2: Narrating,"Listening: Can listen to a narrative told by an unreliable, self-serving, or emotionally compromised narrator and reconstruct a more accurate version of events by cross-referencing what is said against what is implied, contradicted, or conspicuously left out. Speaking: Can narrate an extended, unrehearsed story under real-time pressure — recovering smoothly at least once from losing the thread or misremembering a detail — while adapting pacing, tone, and narrative distance at least twice to specific, observable audience reactions.","Listening to a coworker's version of how a project went wrong, the student notices the coworker never mentions their own missed deadline and reconstructs a fuller picture; later, telling their own story about a travel mishap, the student momentarily gets the order of events wrong, catches it, corrects it without breaking flow, and shortens the ending once they sense the listener has heard enough."
8,Reading,Module 2: Narrating,"Can read a stylistically sophisticated extended narrative with a compromised or shifting point of view and (a) map shifts in tone, pacing, and narrative distance to their function, (b) identify at least one place where the narration itself cannot be fully trusted, and (c) reconstruct what likely actually happened versus what the narrator presents.","Given a first-person account of a breakup that blames the other person throughout but includes small inconsistencies (dates that don't line up, a detail contradicted two pages later), the student identifies those inconsistencies and proposes a more balanced account of what likely happened."
8,Writing,Module 2: Narrating,"Can write an extended narrative that (a) deliberately shifts pacing and narrative distance at least twice for a specific emotional or rhetorical effect, (b) uses a narrator whose reliability is subtly and deliberately compromised (bias, self-interest, or limited knowledge the reader can detect), and (c) sustains that compromised perspective consistently without ever breaking voice, while remaining fully grammatically controlled.","Writing about a workplace conflict from their own point of view, the student narrates events in a way that quietly favors themselves — omitting a detail, describing their own reaction more sympathetically than the other person's — while leaving just enough evidence in the account for a careful reader to notice the imbalance."
8,Listening/Speaking,Module 3: Explaining,"Listening: Can listen to a dense technical or conceptual explanation that includes an unstated assumption, oversimplification, or gap in reasoning, and articulate specifically where the explanation breaks down and what a fuller account would need to include. Speaking: Can explain a complex phenomenon under real-time pressure — recovering smoothly when an analogy fails to land or introduces confusion — while recalibrating depth, technicality, and tone at least twice for specific, observable listener signals.","Listening to a colleague explain a policy change, the student notices the explanation skips over why the change is happening and asks a pointed follow-up; later, explaining a technical issue themselves, the student's first analogy visibly confuses a coworker, so they drop it, try a different comparison, and confirm understanding before continuing."
8,Reading,Module 3: Explaining,"Can read a stylistically dense extended explanation aimed at a specific audience and (a) map shifts in depth, abstraction, and technicality to that audience, (b) identify at least one place the writer oversimplifies, hedges, or omits a caveat, and (c) assess the practical risk of that gap for a reader who takes the explanation at face value.","Given an article explaining a financial product that glosses over a fee structure in a single vague sentence, the student identifies that gap and explains the practical risk to a reader who trusts the article's reassuring tone and skips the fine print."
8,Writing,Module 3: Explaining,"Can write an extended explanation that (a) deliberately calibrates depth, abstraction, and technicality for at least two distinct audiences within the same piece, (b) proactively surfaces and addresses at least one likely misunderstanding or objection before it arises, and (c) sustains logical rigor and precision throughout without contradiction between the two audience-calibrated sections.","Writing an explanation of a new process for both new hires and their manager, the student opens with accessible framing, anticipates the confusion new hires typically have at one step and heads it off directly, then shifts into a technically precise section addressing the manager's likely concern about implementation cost."
8,Listening/Speaking,Module 4: Instructing,"Listening: Can listen to a dense or ambiguous set of instructions, identify specifically where the instructions are underspecified or assume unstated expertise, and articulate the concrete risk that ambiguity poses for a specific type of user. Speaking: Can give instructions under real-time pressure — recovering smoothly when a listener follows a step incorrectly, without restarting from the beginning — while recalibrating detail, tone, and pacing at least twice to specific, observable confusion or error.","Listening to instructions for configuring software, the student flags a step that assumes prior knowledge and predicts a new user would get stuck there; later, walking a colleague through the same process, the student notices the colleague skipped a step, catches the resulting error without restarting the whole walkthrough, and adjusts the explanation of that one step before continuing."
8,Reading,Module 4: Instructing,"Can read a stylistically dense extended set of instructions and (a) map shifts in tone, formality, and detail to audience and risk level, (b) identify at least one place where an instruction is ambiguous or contradicts an earlier step, and (c) assess the specific consequence of following the ambiguous version.","Given a manual where an early step says to ""secure the panel"" loosely and a later step assumes it was bolted, the student identifies the contradiction and explains what would go wrong for a user who read the first instruction literally."
8,Writing,Module 4: Instructing,"Can write an extended set of instructions that (a) deliberately calibrates tone, formality, and detail for at least two distinct audiences or risk contexts within the same document, (b) explicitly anticipates and forecloses at least one likely point of user error, and (c) sustains clarity and internal consistency across every step, including the safety-critical ones.","Writing instructions covering both a routine step and a safety-critical one, the student keeps a casual tone for the routine part, adds an explicit warning at the exact point users tend to skip a safety check, and shifts to precise, formal language for that step specifically."
8,Listening/Speaking,Module 5: Evaluating,"Listening: Can listen to an evaluative argument that masks self-interest, an unstated standard, or motivated reasoning, and articulate both the hidden standard and how it changes the fairness or credibility of the judgment for a specific stakeholder. Speaking: Can evaluate something under real-time pressure — revising a stated judgment mid-conversation when presented with a genuinely persuasive counterpoint, without simply capitulating or being defensive — while adjusting criteria, tone, and persuasive strategy at least twice to specific listener pushback.","Listening to a manager praise a vendor, the student notices the manager has a personal relationship with that vendor and factors that in when weighing the praise; later, evaluating a proposal themselves, the student is pushed back on and, on hearing a genuinely strong counterpoint, revises their stated position on one specific point while holding firm on the rest."
8,Reading,Module 5: Evaluating,"Can read a stylistically dense extended evaluation and (a) map shifts in critical stance, tone, and rigor to audience and purpose, (b) identify at least one unstated evaluative standard the writer is applying, and (c) assess whether that standard is fair, and to whom it is or isn't.","Given a review that judges a product harshly by professional-grade standards without saying so, the student identifies that unstated standard and explains that it makes the review unfair to readers considering the product for casual, non-professional use."
8,Writing,Module 5: Evaluating,"Can write an extended evaluation that (a) deliberately calibrates critical stance, tone, and rigor for at least two distinct audiences within the same piece, (b) explicitly states the evaluative standard being applied rather than leaving it implicit, and (c) sustains logical rigor and internal consistency even where the two audience-calibrated sections could otherwise seem to contradict each other.","Writing a performance review, the student states plainly the standard the employee is being measured against, keeps a warm, encouraging tone in the section the employee will read directly, and shifts to precise, rigorous language in a section meant for HR — while making sure both sections reach the same underlying judgment."
8,Listening/Speaking,Module 6: Arguing,"Listening: Can listen to a rhetorically sophisticated argument and identify specific manipulation techniques (false balance, loaded framing, selective evidence) that aren't apparent from the logical structure alone, articulating how they're functioning. Speaking: Can argue under real-time pressure — conceding a genuinely valid counterpoint on one sub-claim while maintaining the overall position, without either capitulating entirely or ignoring the counterpoint — while adjusting strategy, tone, and emphasis at least twice to specific listener pushback.","Listening to a debate segment, the student identifies that one side is using a real but cherry-picked statistic to imply a broader trend that isn't supported; later, arguing for a proposal themselves, the student is challenged on a cost estimate, admits that specific number was optimistic while maintaining the rest of the case, and shifts from assertive to collaborative tone once the pushback is acknowledged."
8,Reading,Module 6: Arguing,"Can read a stylistically dense extended argument and (a) map shifts in persuasive strategy, tone, and rhetorical stance to audience and purpose, (b) identify at least one specific manipulation or fallacy technique being used, and (c) assess how persuasive that technique is likely to be for a reader who isn't looking for it.","Given an op-ed that shifts from emotional appeal to a data-driven section that quietly omits a confounding variable, the student identifies the omission, names the technique, and assesses that most readers would find the data section convincing precisely because it looks more rigorous than the emotional opening."
8,Writing,Module 6: Arguing,"Can write an extended argument that (a) deliberately calibrates persuasive strategy, tone, and rhetorical stance for at least two distinct audiences within the same piece, (b) explicitly and fairly addresses the strongest available counterargument rather than a weaker version of it, and (c) sustains logical rigor and precision throughout, including in the concession.","Writing a proposal aimed at both a creative team and a finance team, the student leads with vision-driven language for the creative section, then directly and fairly addresses the finance team's strongest likely objection — cost — rather than a weaker version of it, before shifting into precise, numbers-driven language to answer it."
8,Listening/Speaking,Module 7: Transacting,"Listening: Can listen to a dense or culturally layered transactional exchange and identify where politeness masks firmness or where an unstated subtext (tension, bad faith, a hidden constraint) exists, assessing how that subtext is likely to affect the outcome. Speaking: Can carry out a transactional exchange under real-time pressure — recovering smoothly from a genuine miscommunication or an unexpected objection without losing the thread of the negotiation — while adjusting strategy, tone, and register at least twice to specific reactions from the other party.","Listening to a negotiation, the student notices one party's polite phrasing (""we'd need to think about that"") is functioning as a firm no and predicts the deal is unlikely to move forward on those terms; later, negotiating a contract themselves, the student is caught off guard by an unexpected objection, takes a moment to reframe rather than freezing, and shifts from firm to conciliatory language before firming back up once the tension eases."
8,Reading,Module 7: Transacting,"Can read a stylistically dense extended transactional communication and (a) map shifts in diplomacy, formality, and persuasive pressure to relationship and stakes, (b) identify at least one place where the stated position and the real underlying position likely diverge, and (c) assess how that divergence is likely to affect the relationship going forward.","Given a negotiation email that stays polite throughout but grows noticeably more formal by the final paragraph, the student identifies that the writer's actual patience is running out despite the polite surface, and predicts that continued delay will damage the relationship even though nothing overtly hostile is said."
8,Writing,Module 7: Transacting,"Can write an extended transactional communication that (a) deliberately calibrates diplomacy, formality, and persuasive pressure for at least two distinct relationships or stakes within the same piece, (b) manages a real underlying tension (a firm requirement, a difficult ask) without ever becoming overtly confrontational, and (c) sustains tonal control and precision throughout.","Writing to both a long-time client and a new prospect in the same proposal, the student keeps a warm, familiar tone for the client's section while firmly but diplomatically holding a pricing line neither party is fully happy with, and shifts to a more formal, persuasive tone for the prospect's section without contradicting the position taken with the client."
8,Listening/Speaking,Module 8: Socializing,"Listening: Can listen to a culturally layered social exchange and identify irony, veiled criticism, or culturally specific subtext not evident from the literal words, assessing how that subtext is likely to affect the relationship going forward. Speaking: Can navigate a socially delicate exchange under real-time pressure — recovering smoothly when a joke or comment lands badly, without over-apologizing or ignoring it — while adjusting strategy, tone, and register at least twice to specific reactions from others.","At a gathering, the student notices a compliment that's actually a veiled criticism (""brave choice"") and reads the underlying tension; later, when their own joke lands awkwardly, the student acknowledges it lightly, shifts to a warmer and more sincere tone to smooth things over, then relaxes back into humor once the mood lifts, without dwelling on the misstep."
8,Reading,Module 8: Socializing,"Can read a stylistically dense extended social communication and (a) map shifts in warmth, formality, humor, and tact to relationship and social stakes, (b) identify at least one place where the literal message and the real social intent diverge, and (c) assess how the recipient is likely to read that divergence.","Given a message that opens playfully and grows more careful and formal toward a sensitive request at the end, the student identifies that the writer is bracing for a possible ""no,"" and predicts the recipient will likely sense the writer's nervousness despite the light opening tone."
8,Writing,Module 8: Socializing,"Can write an extended social communication that (a) deliberately calibrates warmth, formality, humor, and tact for at least two distinct relationships or social stakes within the same message, (b) manages a genuinely delicate social ask or admission without either avoiding it or being blunt, and (c) sustains tonal control and precision throughout.","Writing a group message to both close friends and a few acquaintances that includes a sensitive request (asking for money back), the student keeps playful banter for the friends, shifts to warmer but more measured language for the request itself so it doesn't feel blunt to the acquaintances, and closes on a light note that doesn't undercut the seriousness of the ask."
